ID,Menu,Materi,Jumlah_target,PIC_penyedia,Reviewer,Sumber_file_link,Status_ID,Status_EN,Izin_publikasi,Target_penyerahan,Status,Catatan
MAT-01,Global,Logo asli vektor dan panduan brand,Belum ditetapkan,Belum ditetapkan,Belum ditetapkan,,Belum dikonfirmasi,Belum dikonfirmasi,Belum dikonfirmasi,,Dibutuhkan,Jika fitur dipilih; jangan isi data pribadi atau kredensial
MAT-02,Beranda,Hero teks foto dan CTA,Belum ditetapkan,Belum ditetapkan,Belum ditetapkan,,Belum dikonfirmasi,Belum dikonfirmasi,Belum dikonfirmasi,,Dibutuhkan,Jika fitur dipilih; jangan isi data pribadi atau kredensial
MAT-03,Profil,Fakta sejarah CV PT visi misi,Belum ditetapkan,Belum ditetapkan,Belum ditetapkan,,Belum dikonfirmasi,Belum dikonfirmasi,Belum dikonfirmasi,,Dibutuhkan,Jika fitur dipilih; jangan isi data pribadi atau kredensial
MAT-04,Profil Unduhan,Company profile PDF versi publik,Belum ditetapkan,Belum ditetapkan,Belum ditetapkan,,Belum dikonfirmasi,Belum dikonfirmasi,Belum dikonfirmasi,,Dibutuhkan,Jika fitur dipilih; jangan isi data pribadi atau kredensial
MAT-05,Produksi,Tahapan fasilitas dan foto workshop,Belum ditetapkan,Belum ditetapkan,Belum ditetapkan,,Belum dikonfirmasi,Belum dikonfirmasi,Belum dikonfirmasi,,Dibutuhkan,Jika fitur dipilih; jangan isi data pribadi atau kredensial
MAT-06,Produk,Daftar kategori MGA,Belum ditetapkan,Belum ditetapkan,Belum ditetapkan,,Belum dikonfirmasi,Belum dikonfirmasi,Belum dikonfirmasi,,Dibutuhkan,Jika fitur dipilih; jangan isi data pribadi atau kredensial
MAT-07,Produk,Data produk induk dan spesifikasi,Belum ditetapkan,Belum ditetapkan,Belum ditetapkan,,Belum dikonfirmasi,Belum dikonfirmasi,Belum dikonfirmasi,,Dibutuhkan,Jika fitur dipilih; jangan isi data pribadi atau kredensial
MAT-08,Produk,Varian SKU kapasitas dimensi joint kemasan,Belum ditetapkan,Belum ditetapkan,Belum ditetapkan,,Belum dikonfirmasi,Belum dikonfirmasi,Belum dikonfirmasi,,Dibutuhkan,Jika fitur dipilih; jangan isi data pribadi atau kredensial
MAT-09,Produk,Foto produk dan alt,Belum ditetapkan,Belum ditetapkan,Belum ditetapkan,,Belum dikonfirmasi,Belum dikonfirmasi,Belum dikonfirmasi,,Dibutuhkan,Jika fitur dipilih; jangan isi data pribadi atau kredensial
MAT-10,Layanan,Custom pengadaan dan cakupan aktual,Belum ditetapkan,Belum ditetapkan,Belum ditetapkan,,Belum dikonfirmasi,Belum dikonfirmasi,Belum dikonfirmasi,,Dibutuhkan,Jika fitur dipilih; jangan isi data pribadi atau kredensial
MAT-11,Proyek,Narasi hasil dan foto proyek,Belum ditetapkan,Belum ditetapkan,Belum ditetapkan,,Belum dikonfirmasi,Belum dikonfirmasi,Belum dikonfirmasi,,Dibutuhkan,Jika fitur dipilih; jangan isi data pribadi atau kredensial
MAT-12,Rekanan,Nama logo jenis relasi dan izin,Belum ditetapkan,Belum ditetapkan,Belum ditetapkan,,Belum dikonfirmasi,Belum dikonfirmasi,Belum dikonfirmasi,,Dibutuhkan,Jika fitur dipilih; jangan isi data pribadi atau kredensial
MAT-13,Unduhan,Katalog datasheet publik,Belum ditetapkan,Belum ditetapkan,Belum ditetapkan,,Belum dikonfirmasi,Belum dikonfirmasi,Belum dikonfirmasi,,Dibutuhkan,Jika fitur dipilih; jangan isi data pribadi atau kredensial
MAT-14,Unduhan,Video URL judul thumbnail,Belum ditetapkan,Belum ditetapkan,Belum ditetapkan,,Belum dikonfirmasi,Belum dikonfirmasi,Belum dikonfirmasi,,Dibutuhkan,Jika fitur dipilih; jangan isi data pribadi atau kredensial
MAT-15,Sertifikat,Sertifikat perusahaan publik,Belum ditetapkan,Belum ditetapkan,Belum ditetapkan,,Belum dikonfirmasi,Belum dikonfirmasi,Belum dikonfirmasi,,Dibutuhkan,Jika fitur dipilih; jangan isi data pribadi atau kredensial
MAT-16,Portal opsional,Contoh struktur sertifikat batch tanpa data sensitif,Belum ditetapkan,Belum ditetapkan,Belum ditetapkan,,Belum dikonfirmasi,Belum dikonfirmasi,Belum dikonfirmasi,,Dibutuhkan,Jika fitur dipilih; jangan isi data pribadi atau kredensial
MAT-17,Beranda,FAQ dan jawaban,Belum ditetapkan,Belum ditetapkan,Belum ditetapkan,,Belum dikonfirmasi,Belum dikonfirmasi,Belum dikonfirmasi,,Dibutuhkan,Jika fitur dipilih; jangan isi data pribadi atau kredensial
MAT-18,Berita,Artikel awal dan jadwal penulisan,Belum ditetapkan,Belum ditetapkan,Belum ditetapkan,,Belum dikonfirmasi,Belum dikonfirmasi,Belum dikonfirmasi,,Dibutuhkan,Jika fitur dipilih; jangan isi data pribadi atau kredensial
MAT-19,Teknis,Panduan sumber dan reviewer teknis,Belum ditetapkan,Belum ditetapkan,Belum ditetapkan,,Belum dikonfirmasi,Belum dikonfirmasi,Belum dikonfirmasi,,Dibutuhkan,Jika fitur dipilih; jangan isi data pribadi atau kredensial
MAT-20,Kontak,Alamat peta email WhatsApp jam operasional,Belum ditetapkan,Belum ditetapkan,Belum ditetapkan,,Belum dikonfirmasi,Belum dikonfirmasi,Belum dikonfirmasi,,Dibutuhkan,Jika fitur dipilih; jangan isi data pribadi atau kredensial
MAT-21,Distributor,Daftar distributor resmi dan wilayah,Belum ditetapkan,Belum ditetapkan,Belum ditetapkan,,Belum dikonfirmasi,Belum dikonfirmasi,Belum dikonfirmasi,,Dibutuhkan,Jika fitur dipilih; jangan isi data pribadi atau kredensial
MAT-22,Global,URL sosial bisnis,Belum ditetapkan,Belum ditetapkan,Belum ditetapkan,,Belum dikonfirmasi,Belum dikonfirmasi,Belum dikonfirmasi,,Dibutuhkan,Jika fitur dipilih; jangan isi data pribadi atau kredensial
MAT-23,Bahasa,Terjemahan UI dan glosarium,Belum ditetapkan,Belum ditetapkan,Belum ditetapkan,,Belum dikonfirmasi,Belum dikonfirmasi,Belum dikonfirmasi,,Dibutuhkan,Jika fitur dipilih; jangan isi data pribadi atau kredensial
MAT-24,Privasi,Alur data penyedia retensi dan kontak pengelola,Belum ditetapkan,Belum ditetapkan,Belum ditetapkan,,Belum dikonfirmasi,Belum dikonfirmasi,Belum dikonfirmasi,,Dibutuhkan,Jika fitur dipilih; jangan isi data pribadi atau kredensial
