ID,Topik,Baseline_atau_opsi,Status,Keputusan_final,Pemberi_keputusan,Tanggal_keputusan,Dampak_scope,PIC_tindak_lanjut,Target,Bukti_versi
DEC-01,Tujuan,Baseline kredibilitas dan profil,Perlu konfirmasi untuk scope baru,,,,Belum dinilai,Belum ditetapkan,,
DEC-02,Bahasa,Baseline ID dan EN; Jepang opsional,Perlu konfirmasi untuk scope baru,,,,Belum dinilai,Belum ditetapkan,,
DEC-03,Update konten,Baseline developer tanpa admin; CMS opsional,Perlu konfirmasi untuk scope baru,,,,Belum dinilai,Belum ditetapkan,,
DEC-04,Menu peluncuran,Pilih per menu,Perlu konfirmasi untuk scope baru,,,,Belum dinilai,Belum ditetapkan,,
DEC-05,Kategori dan volume katalog,Kategori MGA; hitung produk induk dan SKU,Perlu konfirmasi untuk scope baru,,,,Belum dinilai,Belum ditetapkan,,
DEC-06,Katalog PDF,Unduh publik langsung atau form lead,Perlu konfirmasi untuk scope baru,,,,Belum dinilai,Belum ditetapkan,,
DEC-07,Sertifikat,Publik perusahaan atau portal privat pelanggan,Perlu konfirmasi untuk scope baru,,,,Belum dinilai,Belum ditetapkan,,
DEC-08,Berita dan panduan,Aktifkan jika ada materi dan PIC,Perlu konfirmasi untuk scope baru,,,,Belum dinilai,Belum ditetapkan,,
DEC-09,Distributor,Konfirmasi jaringan resmi,Perlu konfirmasi untuk scope baru,,,,Belum dinilai,Belum ditetapkan,,
DEC-10,Newsletter,Opsional dengan PIC dan penyedia email,Perlu konfirmasi untuk scope baru,,,,Belum dinilai,Belum ditetapkan,,
DEC-11,Upload inquiry,Opsional dengan batas file dan akses,Perlu konfirmasi untuk scope baru,,,,Belum dinilai,Belum ditetapkan,,
DEC-12,Penerima dan data inquiry,Email PIC retensi dan penyimpanan,Perlu konfirmasi untuk scope baru,,,,Belum dinilai,Belum ditetapkan,,
DEC-13,Hosting domain dan akun,Konfirmasi kepemilikan dan biaya,Perlu konfirmasi untuk scope baru,,,,Belum dinilai,Belum ditetapkan,,
DEC-14,Target biaya jadwal dan UAT,Belum ditetapkan,Perlu konfirmasi untuk scope baru,,,,Belum dinilai,Belum ditetapkan,,
DEC-15,Layanan dan Proyek,Baseline tetap; penempatan menu dikonfirmasi,Perlu konfirmasi untuk scope baru,,,,Belum dinilai,Belum ditetapkan,,
DEC-16,Analitik dan integrasi,Opsional sesuai persetujuan,Perlu konfirmasi untuk scope baru,,,,Belum dinilai,Belum ditetapkan,,
