ID_kandidat,Kategori_usulan,Keluarga_kandidat,Dokumen_sumber,Halaman_PDF,Atribut_untuk_verifikasi,Status,Jumlah_produk_induk,Jumlah_SKU,Catatan
PRD-SRC-01,rotary-evaporator,Rotary Evaporator Vertical Glassware,CATALOG MGA (1).pdf,8–9,kapasitas flask/botol; kecepatan; bath; pompa; komponen paket,Tercantum pada sumber; belum siap publik,Belum dihitung,Belum dihitung,CP 8–9 juga; satuan bath dan nilai vakum perlu klarifikasi
PRD-SRC-02,volumetric-instruments,Volumetric Flask,CATALOG MGA (1).pdf,10–11,kapasitas; toleransi; neck/joint; stopper; kelas bila sah,Tercantum pada sumber; belum siap publik,Belum dihitung,Belum dihitung,Beberapa bentuk/standar; nomor katalog sumber bukan SKU MGA otomatis
PRD-SRC-03,volumetric-instruments,Graduated Cylinder,CATALOG MGA (1).pdf,12,kapasitas; subdivisi; toleransi; tinggi,Tercantum pada sumber; belum siap publik,Belum dihitung,Belum dihitung,Tabel gambar; material dan kelas diverifikasi
PRD-SRC-04,volumetric-instruments,Mixing Cylinder,CATALOG MGA (1).pdf,13,kapasitas; subdivisi; neck/joint; stopper; tinggi,Tercantum pada sumber; belum siap publik,Belum dihitung,Belum dihitung,Pisahkan tipe/varian yang berbeda
PRD-SRC-05,volumetric-instruments,Burettes and Automatic Burettes,CATALOG MGA (1).pdf,14–17,kapasitas; graduasi; toleransi; stopcock; automatic/manual,Tercantum pada sumber; belum siap publik,Belum dihitung,Belum dihitung,Standar conformity dan kode produsen perlu verifikasi
PRD-SRC-06,physical-measurement,Botol ukur / keluarga pada halaman 19,CATALOG MGA (1).pdf,19,kapasitas; kalibrasi; joint; stopper,Tercantum pada sumber; belum siap publik,Belum dihitung,Belum dihitung,Label induk teknis belum jelas; konfirmasi nama sebelum tayang
PRD-SRC-07,physical-measurement,Sedimentation Cones,CATALOG MGA (1).pdf,20,kapasitas; graduasi; bentuk; outlet/stopcock,Tercantum pada sumber; belum siap publik,Belum dihitung,Belum dihitung,Aksesori dan isi paket perlu konfirmasi
PRD-SRC-08,physical-measurement,Hydrometers,CATALOG MGA (1).pdf,21–23,rentang; subdivisi; satuan; suhu referensi; panjang,Tercantum pada sumber; belum siap publik,Belum dihitung,Belum dihitung,ASTM/kalibrasi/material isi hanya jika terbukti
PRD-SRC-09,physical-measurement,Thermometers,CATALOG MGA (1).pdf,24–26,rentang suhu; subdivisi; panjang; fitting; coupling,Tercantum pada sumber; belum siap publik,Belum dihitung,Belum dihitung,Merek dan klaim standar pada tabel perlu verifikasi; CP 10–12 juga
PRD-SRC-10,chemical-laboratory,Beaker and Laboratory Flasks,CATALOG MGA (1).pdf,28,kapasitas; diameter; tinggi; bentuk; neck,Tercantum pada sumber; belum siap publik,Belum dihitung,Belum dihitung,Beaker dan flask dipisah menjadi produk induk setelah pendataan
PRD-SRC-11,chemical-laboratory,Centrifuge Tubes,CATALOG MGA (1).pdf,29,kapasitas; dimensi; bentuk dasar; graduasi; penutup,Tercantum pada sumber; belum siap publik,Belum dihitung,Belum dihitung,Tidak mengimplikasikan penjualan mesin centrifuge
PRD-SRC-12,chemical-laboratory,Test Tubes,CATALOG MGA (1).pdf,30,diameter; panjang; dasar; rim; penutup; pack,Tercantum pada sumber; belum siap publik,Belum dihitung,Belum dihitung,Halaman juga menampilkan tipe centrifuge tube; perlu deduplikasi
PRD-SRC-13,chemical-laboratory,Dishes and Accessories,CATALOG MGA (1).pdf,31,diameter; tinggi; kapasitas; panjang sesuai subtipe,Tercantum pada sumber; belum siap publik,Belum dihitung,Belum dihitung,Kelompok memuat beberapa barang; bukan satu SKU
PRD-SRC-14,chemical-laboratory,Funnels,CATALOG MGA (1).pdf,32,diameter; stem; bentuk; material,Tercantum pada sumber; belum siap publik,Belum dihitung,Belum dihitung,Jenis analytical/powder/plain/fluted perlu pendataan
PRD-SRC-15,chemical-laboratory,Separating Funnels,CATALOG MGA (1).pdf,33–34,kapasitas; joint; stopcock; PTFE/kaca; bentuk,Tercantum pada sumber; belum siap publik,Belum dihitung,Belum dihitung,Glass Fuel Tank CP 14 tidak langsung disamakan tanpa reviewer
PRD-SRC-16,chemical-laboratory,Filter Funnels Crucibles and Adapters,CATALOG MGA (1).pdf,35,kapasitas; dimensi; joint; porositas,Tercantum pada sumber; belum siap publik,Belum dihitung,Belum dihitung,Porositas/frit dan aplikasi hanya jika disahkan
PRD-SRC-17,chemical-laboratory,Filter Flasks and Weighing Bottles,CATALOG MGA (1).pdf,36,kapasitas; dimensi; outlet/joint; penutup,Tercantum pada sumber; belum siap publik,Belum dihitung,Belum dihitung,Pisahkan dua keluarga saat produk induk disusun
PRD-SRC-18,chemical-laboratory,Desiccators and Accessories,CATALOG MGA (1).pdf,37,diameter; lid; socket; plate; accessories,Tercantum pada sumber; belum siap publik,Belum dihitung,Belum dihitung,Bahan tiap komponen tidak diasumsikan sama
PRD-SRC-19,chemical-laboratory,Aspirator Bottles and Accessories,CATALOG MGA (1).pdf,38–39,kapasitas; neck; outlet; stopcock; material,Tercantum pada sumber; belum siap publik,Belum dihitung,Belum dihitung,Termasuk botol lain/atomizer; klasifikasi detail perlu finalisasi
PRD-SRC-20,chemical-apparatus,Erlenmeyer and Flat-bottom Flasks,CATALOG MGA (1).pdf,41,kapasitas; joint; diameter; tinggi; bentuk dasar,Tercantum pada sumber; belum siap publik,Belum dihitung,Belum dihitung,Deduplikasi dengan flask CAT 28 bila identik
PRD-SRC-21,chemical-apparatus,Round/Conical-bottom Multi-neck and Receiver Flasks,CATALOG MGA (1).pdf,42–44,kapasitas; jumlah leher; joint per posisi; dimensi,Tercantum pada sumber; belum siap publik,Belum dihitung,Belum dihitung,Judul tumpang tindih pada gambar; jangan tebak kombinasi joint
PRD-SRC-22,chemical-apparatus,Dropping Funnels,CATALOG MGA (1).pdf,45,kapasitas; joint; graduasi; stopcock PTFE/kaca,Tercantum pada sumber; belum siap publik,Belum dihitung,Belum dihitung,Deduplikasi dengan CAT 33 bila barang yang sama
PRD-SRC-23,chemical-apparatus,Stoppers and Stirrer Components,CATALOG MGA (1).pdf,46,joint; panjang shaft; dimensi; komponen,Tercantum pada sumber; belum siap publik,Belum dihitung,Belum dihitung,Judul belum diekstrak lengkap; pendataan dari gambar perlu reviewer
PRD-SRC-24,chemical-apparatus,Gas Inlet Tubes and Neck Adapters,CATALOG MGA (1).pdf,47,joint; bentuk; panjang; jumlah sambungan,Tercantum pada sumber; belum siap publik,Belum dihitung,Belum dihitung,Kompatibilitas disahkan per komponen
PRD-SRC-25,chemical-apparatus,Heads and Bends,CATALOG MGA (1).pdf,48,tipe; sudut; joint per posisi; dimensi,Tercantum pada sumber; belum siap publik,Belum dihitung,Belum dihitung,Bedakan head dan bend sebagai produk induk
PRD-SRC-26,chemical-apparatus,Condensers,CATALOG MGA (1).pdf,49,tipe; panjang efektif; joint; koneksi selang,Tercantum pada sumber; belum siap publik,Belum dihitung,Belum dihitung,Liebig/Dimroth/air/Allihn terlihat; verifikasi ukuran tersedia
PRD-SRC-27,chemical-apparatus,Columns and Packing,CATALOG MGA (1).pdf,50,tipe; panjang; joint; jacket; packing,Tercantum pada sumber; belum siap publik,Belum dihitung,Belum dihitung,Halaman berjudul Condensers tetapi memuat Hempel/Vigreux columns
PRD-SRC-28,chemical-apparatus,Receiver Adapters and Distillation Receivers,CATALOG MGA (1).pdf,51–52,bentuk; jumlah cabang; joint; stopcock; kapasitas,Tercantum pada sumber; belum siap publik,Belum dihitung,Belum dihitung,Label sumber Reciver dinormalisasi setelah review
PRD-SRC-29,chemical-apparatus,Solid-liquid Extraction Apparatus,CATALOG MGA (1).pdf,53–54,kapasitas; joint; extractor; condenser; isi set,Tercantum pada sumber; belum siap publik,Belum dihitung,Belum dihitung,Set lengkap versus komponen harus dibedakan
PRD-SRC-30,chemical-apparatus,Drying Tubes Cold Traps and Gas Washbottles,CATALOG MGA (1).pdf,54–56,bentuk; dimensi; kapasitas; joint; filter,Tercantum pada sumber; belum siap publik,Belum dihitung,Belum dihitung,Judul Drying Tubes menaungi beberapa subtipe; pecah saat pendataan
PRD-SRC-31,chemical-apparatus,Stopcocks and Spare Parts,CATALOG MGA (1).pdf,57–59,bore; key material; jalur; side arms; joint,Tercantum pada sumber; belum siap publik,Belum dihitung,Belum dihitung,PTFE/kaca dan tipe vacuum/T/Y memiliki varian berbeda
PRD-SRC-32,chemical-apparatus,Stoppers Sockets Cones and Connectors,CATALOG MGA (1).pdf,60,joint; bentuk; diameter; panjang,Tercantum pada sumber; belum siap publik,Belum dihitung,Belum dihitung,Pisahkan tipe dan kode produsen; bukan satu SKU
PRD-SRC-33,chemical-apparatus,Clips Bottles Valves and Tubing Connectors,CATALOG MGA (1).pdf,61,dimensi; material; kapasitas; tipe; jumlah,Tercantum pada sumber; belum siap publik,Belum dihitung,Belum dihitung,Kelompok komponen; jangan terapkan kapasitas ke semua barang
PRD-SRC-34,chemical-apparatus,Monodest / MonoDest,CATALOG MGA (1).pdf,62–63,model; daya; tegangan; output; kebutuhan air; dimensi; isi paket,Tercantum pada sumber; belum siap publik,Belum dihitung,Belum dihitung,Model 3000 E/N terlihat; produsen dan klaim DURAN harus dikonfirmasi
